Workbook

Sheet Ringkasan
A1: NEOTRACE Fase 1 — Rencana Kerja
A2: PT Neopangan Selaras Indonesia (Neofood) · Sauce Division, Tangerang · 6 minggu · disusun 15 Agu 2026
A4: Tujuan Fase 1 | B4: HPP aktual per batch, telusur lot dua arah, rekonsiliasi bahan titipan klien
A5: Durasi | B5: 6 minggu kerja (5 minggu build + 1 minggu hypercare)
A6: Mulai | B6: 24 August 2026
A7: Go-live | B7: 02 October 2026
A8: Lingkup | B8: v1 + QR scan + FEFO + QC hold + peringatan kedaluwarsa
A9: Di luar lingkup | B9: Put-away otomatis, cross-dock, zonasi alergen rak, pick list, packing, RFID, integrasi ERP, KPI tenaga kerja, forecasting, dual UoM
A10: Stack | B10: Supabase (Postgres + Auth + Realtime + Storage) · React PWA · thermal label printer
A11: Tim inti | B11: 1 Tech Lead, 1 Full-stack Dev, 1 BA/QA, 1 Product Owner Neofood (part-time)
A12: Asumsi kritis | B12: Master item, formula, dan lokasi tersedia dari Neofood paling lambat akhir Minggu 1
A14: Milestone
A15: Minggu | B15: Tanggal | C15: Milestone | D15: Kriteria selesai (definition of done) | E15: PIC | F15: Status
A16: 1 | B16: 24 Aug – 28 Aug 2026 | C16: Fondasi siap | D16: Skema v1+delta jalan di Supabase staging, master item/lokasi ter-import, RLS teruji per role | E16: Tech Lead | F16: Belum
A17: 2 | B17: 31 Aug – 04 Sep 2026 | C17: Terima & QR jalan | D17: GRN + cetak label QR + put-away manual bisa dilakukan operator di HP | E17: Dev | F17: Belum
A18: 3 | B18: 07 Sep – 11 Sep 2026 | C18: Produksi & FEFO | D18: Buat batch, konsumsi lot via scan, blokir FEFO aktif, CCP tercatat | E18: Dev | F18: Belum
A19: 4 | B19: 14 Sep – 18 Sep 2026 | C19: Tutup batch & HPP | D19: Yield + HPP aktual muncul otomatis, konsol desktop menampilkan telusur dua arah | E19: Tech Lead | F19: Belum
A20: 5 | B20: 21 Sep – 25 Sep 2026 | C20: UAT lulus | D20: Seluruh skenario UAT dieksekusi, 0 defect Critical/High terbuka | E20: BA/QA | F20: Belum
A21: 6 | B21: 28 Sep – 02 Oct 2026 | C21: Go-live + hypercare | D21: Produksi berjalan penuh di sistem selama 5 hari kerja tanpa fallback ke kertas | E21: Semua | F21: Belum

Sheet Rencana Kerja
A1: Rencana Kerja per Minggu
A2: Effort dalam mandays. Ketergantungan mengacu pada ID tugas.
A4: ID | B4: Minggu | C4: Workstream | D4: Tugas | E4: Deliverable | F4: PIC | G4: Effort (md) | H4: Depends | I4: Status
A5: T01 | B5: 1 | C5: Database | D5: Provision project Supabase, aktifkan pg_cron & Storage | E5: Project staging + prod | F5: Tech Lead | G5: 0.5
A6: T02 | B6: 1 | C6: Database | D6: Jalankan neotrace_schema.sql (v1) di staging | E6: Skema v1 aktif | F6: Tech Lead | G6: 0.5 | H6: T01
A7: T03 | B7: 1 | C7: Database | D7: Jalankan neotrace_phase1_delta.sql (QC, FEFO, alert) | E7: Skema Fase 1 lengkap | F7: Tech Lead | G7: 0.5 | H7: T02
A8: T04 | B8: 1 | C8: Database | D8: Uji RLS per role: operator, gudang, QA, finance, admin | E8: Hasil uji RLS | F8: Tech Lead | G8: 1 | H8: T03
A9: T05 | B9: 1 | C9: Data | D9: Kumpulkan master dari Neofood: item, supplier, klien, lokasi, formula | E9: File master mentah | F9: BA/QA | G9: 2
A10: T06 | B10: 1 | C10: Data | D10: Bersihkan & import master via CSV, tetapkan shelf life dan standard cost | E10: Master ter-import | F10: BA/QA | G10: 2 | H10: T05
A11: T07 | B11: 1 | C11: Data | D11: Definisikan CCP per SKU bersama tim QA Neofood | E11: ccp_definitions terisi | F11: BA/QA | G11: 1 | H11: T05
A12: T08 | B12: 1 | C12: Frontend | D12: Setup PWA: Vite + React + auth Supabase + shell navigasi | E12: Kerangka aplikasi | F12: Dev | G12: 1.5 | H12: T01
A13: T09 | B13: 1 | C13: Hardware | D13: Tentukan printer label & ukuran stiker, uji cetak QR | E13: Spesifikasi label | F13: Dev | G13: 1
A14: T10 | B14: 2 | C14: API | D14: Layer API: lots, handling units, penomoran dokumen | E14: Modul api/*.ts | F14: Dev | G14: 1.5 | H14: T03
A15: T11 | B15: 2 | C15: Frontend | D15: Layar Terima Bahan (GRN) termasuk pemilik bahan & data halal | E15: Layar terima | F15: Dev | G15: 2 | H15: T10
A16: T12 | B16: 2 | C16: Frontend | D16: Generate & cetak label QR per handling unit | E16: Cetak label | F16: Dev | G16: 2 | H16: T09
A17: T13 | B17: 2 | C17: Frontend | D17: Komponen Scanner (kamera HP) + resolve_qr | E17: Komponen scanner | F17: Dev | G17: 2 | H17: T10
A18: T14 | B18: 2 | C18: Frontend | D18: Antrean offline (IndexedDB) + sinkronisasi saat online | E18: Modul offline | F18: Dev | G18: 2 | H18: T13
A19: T15 | B19: 2 | C19: QA | D19: Susun skenario UAT untuk inbound & QR | E19: Skrip UAT bagian 1 | F19: BA/QA | G19: 1.5 | H19: T11
A20: T16 | B20: 2 | C20: Proses | D20: Workshop alur gudang bersama supervisor Neofood | E20: Alur disepakati | F20: BA/QA | G20: 1
A21: T17 | B21: 3 | C21: Frontend | D21: Layar QC Hold: input sampel, hasil uji, release lot oleh QA | E21: Layar QC | F21: Dev | G21: 2 | H21: T10
A22: T18 | B22: 3 | C22: Frontend | D22: Layar Produksi: kartu batch + saran FEFO + konfirmasi lot via scan | E22: Layar produksi | F22: Dev | G22: 2.5 | H22: T13
A23: T19 | B23: 3 | C23: Frontend | D23: Input rekaman CCP + validasi batas + cap LULUS CCP | E23: Modul CCP | F23: Dev | G23: 1.5 | H23: T07
A24: T20 | B24: 3 | C24: API | D24: Penegakan FEFO + alur override beralasan | E24: Aturan FEFO aktif | F24: Dev | G24: 1 | H24: T18
A25: T21 | B25: 3 | C25: QA | D25: Uji integrasi: terima → QC release → konsumsi batch | E25: Laporan uji | F25: BA/QA | G25: 1.5 | H25: T18
A26: T22 | B26: 3 | C26: Proses | D26: Pelatihan operator gelombang 1 (terima & scan) | E26: Materi + sesi latih | F26: BA/QA | G26: 1 | H26: T16
A27: T23 | B27: 4 | C27: Frontend | D27: Tutup batch: qty jadi, reject, hitung yield & HPP aktual | E27: Layar tutup batch | F27: Dev | G27: 2 | H27: T18
A28: T24 | B28: 4 | C28: Frontend | D28: Konsol desktop: dashboard KPI, yield, variance HPP | E28: Dashboard | F28: Dev | G28: 2.5 | H28: T23
A29: T25 | B29: 4 | C29: Frontend | D29: Layar telusur dua arah (lot ke batch ke klien) + ekspor | E29: Layar telusur | F29: Dev | G29: 2 | H29: T24
A30: T26 | B30: 4 | C30: Frontend | D30: Rekonsiliasi bahan titipan klien + ekspor laporan ke klien | E30: Laporan titipan | F30: Dev | G30: 1.5 | H30: T24
A31: T27 | B31: 4 | C31: Backend | D31: Job harian peringatan kedaluwarsa via pg_cron + notifikasi | E31: Job terjadwal | F31: Tech Lead | G31: 1 | H31: T03
A32: T28 | B32: 4 | C32: Frontend | D32: Layar Pengiriman (DO) dengan pencatatan lot per baris | E32: Layar DO | F32: Dev | G32: 1.5 | H32: T10
... A43: T39 | B43: 6 | C43: Hypercare | D43: Review pasca go-live + daftar backlog Fase 2 | E43: Laporan penutup | F43: BA/QA | G43: 1 | H43: T37
D44: TOTAL EFFORT | G44: =SUM(G5:G43) -> 61

Sheet Effort per Minggu
A1: Beban Kerja per Minggu
A2: Dihitung dari sheet Rencana Kerja. Kapasitas 5 hari kerja per orang per minggu.
A4: Minggu | B4: Tanggal | C4: Tech Lead | D4: Dev | E4: BA/QA | F4: Total (md)
A5: 1 | B5: 24 Aug – 28 Aug 2026 | C5: =SUMIFS('Rencana Kerja'!$G$5:$G$43,'Rencana Kerja'!$B$5:$B$43,$A5,'Rencana Kerja'!$F$5:$F$43,"Tech Lead") -> 2.5 | D5: =SUMIFS('Rencana Kerja'!$G$5:$G$43,'Rencana Kerja'!$B$5:$B$43,$A5,'Rencana Kerja'!$F$5:$F$43,"Dev") -> 2.5 | E5: =SUMIFS('Rencana Kerja'!$G$5:$G$43,'Rencana Kerja'!$B$5:$B$43,$A5,'Rencana Kerja'!$F$5:$F$43,"BA/QA") -> 5 | F5: =SUM(C5:E5) -> 10
A6: 2 | B6: 31 Aug – 04 Sep 2026 | C6: =SUMIFS('Rencana Kerja'!$G$5:$G$43,'Rencana Kerja'!$B$5:$B$43,$A6,'Rencana Kerja'!$F$5:$F$43,"Tech Lead") -> 0 | D6: =SUMIFS('Rencana Kerja'!$G$5:$G$43,'Rencana Kerja'!$B$5:$B$43,$A6,'Rencana Kerja'!$F$5:$F$43,"Dev") -> 9.5 | E6: =SUMIFS('Rencana Kerja'!$G$5:$G$43,'Rencana Kerja'!$B$5:$B$43,$A6,'Rencana Kerja'!$F$5:$F$43,"BA/QA") -> 2.5 | F6: =SUM(C6:E6) -> 12
A7: 3 | B7: 07 Sep – 11 Sep 2026 | C7: =SUMIFS('Rencana Kerja'!$G$5:$G$43,'Rencana Kerja'!$B$5:$B$43,$A7,'Rencana Kerja'!$F$5:$F$43,"Tech Lead") -> 0 | D7: =SUMIFS('Rencana Kerja'!$G$5:$G$43,'Rencana Kerja'!$B$5:$B$43,$A7,'Rencana Kerja'!$F$5:$F$43,"Dev") -> 7 | E7: =SUMIFS('Rencana Kerja'!$G$5:$G$43,'Rencana Kerja'!$B$5:$B$43,$A7,'Rencana Kerja'!$F$5:$F$43,"BA/QA") -> 2.5 | F7: =SUM(C7:E7) -> 9.5
A8: 4 | B8: 14 Sep – 18 Sep 2026 | C8: =SUMIFS('Rencana Kerja'!$G$5:$G$43,'Rencana Kerja'!$B$5:$B$43,$A8,'Rencana Kerja'!$F$5:$F$43,"Tech Lead") -> 1 | D8: =SUMIFS('Rencana Kerja'!$G$5:$G$43,'Rencana Kerja'!$B$5:$B$43,$A8,'Rencana Kerja'!$F$5:$F$43,"Dev") -> 9.5 | E8: =SUMIFS('Rencana Kerja'!$G$5:$G$43,'Rencana Kerja'!$B$5:$B$43,$A8,'Rencana Kerja'!$F$5:$F$43,"BA/QA") -> 1.5 | F8: =SUM(C8:E8) -> 12
A9: 5 | B9: 21 Sep – 25 Sep 2026 | C9: =SUMIFS('Rencana Kerja'!$G$5:$G$43,'Rencana Kerja'!$B$5:$B$43,$A9,'Rencana Kerja'!$F$5:$F$43,"Tech Lead") -> 1 | D9: =SUMIFS('Rencana Kerja'!$G$5:$G$43,'Rencana Kerja'!$B$5:$B$43,$A9,'Rencana Kerja'!$F$5:$F$43,"Dev") -> 3 | E9: =SUMIFS('Rencana Kerja'!$G$5:$G$43,'Rencana Kerja'!$B$5:$B$43,$A9,'Rencana Kerja'!$F$5:$F$43,"BA/QA") -> 7 | F9: =SUM(C9:E9) -> 11
A10: 6 | B10: 28 Sep – 02 Oct 2026 | C10: =SUMIFS('Rencana Kerja'!$G$5:$G$43,'Rencana Kerja'!$B$5:$B$43,$A10,'Rencana Kerja'!$F$5:$F$43,"Tech Lead") -> 0.5 | D10: =SUMIFS('Rencana Kerja'!$G$5:$G$43,'Rencana Kerja'!$B$5:$B$43,$A10,'Rencana Kerja'!$F$5:$F$43,"Dev") -> 4 | E10: =SUMIFS('Rencana Kerja'!$G$5:$G$43,'Rencana Kerja'!$B$5:$B$43,$A10,'Rencana Kerja'!$F$5:$F$43,"BA/QA") -> 1 | F10: =SUM(C10:E10) -> 5.5
B11: Total | C11: =C5+C6+C7+C8+C9+C10 -> 5 | D11: =D5+D6+D7+D8+D9+D10 -> 35.5 | E11: =E5+E6+E7+E8+E9+E10 -> 19.5 | F11: =F5+F6+F7+F8+F9+F10 -> 60
A13: Catatan: tugas ber-PIC 'Semua' tidak masuk kolom individu tetapi terhitung di total sheet Rencana Kerja. Beban di atas 5 md per orang per minggu berarti perlu penambahan orang atau penggeseran tugas.

Sheet RACI
A1: Matriks RACI
A2: R Responsible · A Accountable · C Consulted · I Informed
A4: Aktivitas | B4: Tech Lead | C4: Dev | D4: BA/QA | E4: PO Neofood | F4: QA Neofood | G4: Supervisor Gudang | H4: Manajemen
A5: Desain skema & keamanan data | B5: A/R | C5: C | D5: C | E5: I | F5: C | G5: I | H5: I
A6: Penyediaan & pembersihan master data | B6: C | C6: I | D6: R | E6: A | F6: C | G6: C | H6: I
A7: Definisi batas CCP & spesifikasi QC | B7: I | C7: I | D7: C | E7: C | F7: A/R | G7: I | H7: I
A8: Pengembangan aplikasi HP & desktop | B8: A | C8: R | D8: C | E8: I | F8: I | G8: C | H8: I
A9: Desain label & pengadaan printer | B9: C | C9: R | D9: C | E9: A | F9: I | G9: C | H9: I
A10: Penyusunan & eksekusi UAT | B10: C | C10: C | D10: A/R | E10: C | F10: R | G10: R | H10: I
A11: Pelatihan pengguna | B11: I | C11: C | D11: A/R | E11: C | F11: C | G11: R | H11: I
A12: Migrasi stok awal & pelabelan ulang | B12: C | C12: C | D12: R | E12: A | F12: C | G12: R | H12: I
A13: Keputusan go / no-go | B13: C | C13: I | D13: R | E13: A | F13: A | G13: C | H13: I
A14: Hypercare & penanganan isu | B14: A | C14: R | D14: C | E14: C | F14: C | G14: C | H14: I
A15: Persetujuan backlog Fase 2 | B15: C | C15: I | D15: R | E15: A | F15: C | G15: I | H15: C

Sheet RAID
A1: RAID Log — Fase 1
A2: R Risiko · A Asumsi · I Isu · D Dependensi. Ditinjau setiap Jumat.
A4: ID | B4: Tipe | C4: Uraian | D4: Dampak | E4: Prob. | F4: Mitigasi / tindakan | G4: Owner | H4: Due
A5: R01 | B5: Risiko | C5: Master data expiry dan shelf life belum akurat sehingga FEFO memblokir produksi | D5: Tinggi | E5: Sedang | F5: Set items.enforce_fefo = false saat go-live, aktifkan penuh di Minggu 6 setelah data bersih | G5: Tech Lead | H5: M6
A6: R02 | B6: Risiko | C6: Sinyal buruk di lantai produksi membuat scan gagal | D6: Tinggi | E6: Tinggi | F6: Antrean offline IndexedDB (T14); survei sinyal di Minggu 1; siapkan titik WiFi tambahan | G6: Dev | H6: M2
A7: R03 | B7: Risiko | C7: Operator kembali ke pencatatan kertas setelah go-live | D7: Tinggi | E7: Sedang | F7: Pendampingan lantai harian selama hypercare; hentikan form kertas secara resmi saat cutover | G7: BA/QA | H7: M6
A8: R04 | B8: Risiko | C8: Label QR rusak / basah / terkelupas di area produksi basah | D8: Sedang | E8: Tinggi | F8: Uji stiker synthetic tahan air di Minggu 1; sediakan alur reprint dengan persetujuan supervisor | G8: Dev | H8: M1
A9: R05 | B9: Risiko | C9: Reprint label ganda merusak akurasi stok | D9: Sedang | E9: Sedang | F9: Reprint wajib alasan + approval; audit lewat tabel label_prints | G9: Tech Lead | H9: M2
A10: A01 | B10: Asumsi | C10: Neofood menyediakan master item, formula, dan lokasi sebelum akhir Minggu 1 | D10: Tinggi | E10: - | F10: Konfirmasi tertulis dari PO Neofood di kickoff | G10: BA/QA | H10: M1
A11: A02 | B11: Asumsi | C11: Batas CCP diambil dari HACCP plan resmi Neofood, bukan asumsi konsultan | D11: Tinggi | E11: - | F11: Verifikasi tertulis ke QA Neofood sebelum dikunci di sistem | G11: QA Neofood | H11: M1
A12: A03 | B12: Asumsi | C12: Ketentuan halal, BPOM, dan pelabelan alergen dikonfirmasi ke tim regulatory Neofood | D12: Tinggi | E12: - | F12: Belum diverifikasi. Jangan dijadikan aturan blokir sebelum ada konfirmasi | G12: QA Neofood | H12: M2
A13: A04 | B13: Asumsi | C13: Satu QR per kemasan fisik (bukan per pouch) diterima operasional | D13: Sedang | E13: - | F13: Konfirmasi di workshop T16; bila per pouch, jumlah label meledak dan estimasi berubah | G13: BA/QA | H13: M2
A14: I01 | B14: Isu | C14: Belum ada printer label thermal di Sauce Division | D14: Tinggi | E14: - | F14: Pengadaan harus selesai Minggu 2 atau T12 tertunda | G14: PO Neofood | H14: M2
A15: D01 | B15: Dependensi | C15: Akses admin Supabase & domain aplikasi dari IT Neofood | D15: Sedang | E15: - | F15: Diminta saat kickoff | G15: Tech Lead | H15: M1
... A17: D03 | B17: Dependensi | C17: Saldo stok awal per lot dari stock opname terakhir | D17: Tinggi | E17: - | F17: Opname khusus dijadwalkan sebelum cutover | G17: BA/QA | H17: M5

Sheet Exit Criteria
A1: Kriteria Go-Live
A2: Semua baris wajib Ya sebelum cutover. Ditandatangani PO dan QA Neofood.
A4: No | B4: Kriteria | C4: Bukti | D4: Penanggung jawab | E4: Terpenuhi
A5: 1 | B5: Seluruh skenario UAT dieksekusi | C5: Skrip UAT bertanda tangan | D5: BA/QA
A6: 2 | B6: 0 defect Critical dan High terbuka | C6: Defect log | D6: BA/QA
A7: 3 | B7: Telusur mundur satu lot selesai di bawah 4 jam (target ISO 22000) | C7: Demo saat UAT | D7: QA Neofood
A8: 4 | B8: HPP aktual satu batch cocok dengan hitungan manual finance | C8: Rekonsiliasi manual | D8: Finance Neofood
A9: 5 | B9: Rekonsiliasi bahan titipan cocok dengan catatan klien | C9: Laporan titipan | D9: BA/QA
A10: 6 | B10: Saldo stok awal per lot selesai dimuat dan berlabel | C10: Berita acara opname | D10: Supervisor Gudang
A11: 7 | B11: Batas CCP dikonfirmasi tertulis oleh QA Neofood | C11: Dokumen HACCP plan | D11: QA Neofood
A12: 8 | B12: Ketentuan halal dan alergen dikonfirmasi tim regulatory | C12: Konfirmasi tertulis | D12: QA Neofood
A13: 9 | B13: Seluruh operator shift 1 dan 2 sudah dilatih | C13: Daftar hadir pelatihan | D13: BA/QA
A14: 10 | B14: Backup dan restore drill berhasil | C14: Log drill | D14: Tech Lead
A15: 11 | B15: Rencana fallback bila sistem down disepakati | C15: Prosedur fallback | D15: PO Neofood
